File;Translation key;en;sv;no;da
.branding/elko/_json_patch/.homeycompose/app.json;description;Smart, right?;;Smart, ikke sant?;
.branding/elko/_json_patch/.homeycompose/app.json;name;ELKO Smart;;ELKO Smart;
.branding/elko/_json_patch/drivers/connected_socket_outlet/driver.compose.json;name;Connected Socket Outlet;;Tilkoblet stikkontakt;
.branding/elko/_json_patch/drivers/connected_socket_outlet/driver.compose.json;zigbee.learnmode.instruction;Short press the push button three times to start pairing.;;Trykk kort tre ganger på trykknappen for å starte paringen.;
.branding/elko/_json_patch/drivers/dimmer_micromodule/driver.compose.json;name;Dimmer Micromodule;;Dimmer puck;
.branding/elko/_json_patch/drivers/dimmer_micromodule/driver.compose.json;zigbee.learnmode.instruction;Short press the Setup/Reset button on the device to start pairing;;Trykk kort på Setup/Reset-knappen på enheten for å starte sammenkoblingen;
.branding/elko/_json_patch/drivers/freelocate_switch/driver.compose.json;name;Freelocate Switch;;Trådløs bryter;
.branding/elko/_json_patch/drivers/freelocate_switch/driver.compose.json;zigbee.learnmode.instruction;Short press the top right push button three times to start pairing.;;Trykk kort på trykkknappen øverst til høyre tre ganger for å starte paringen.;
.branding/elko/_json_patch/drivers/motion_dimmer/driver.compose.json;name;Motion Dimmer;;PIR med dimmer;
.branding/elko/_json_patch/drivers/motion_dimmer/driver.compose.json;zigbee.learnmode.instruction;Short press the push button three times to start pairing.;;Trykk kort tre ganger på trykknappen for å starte paringen.;
.branding/elko/_json_patch/drivers/motion_sensor/driver.compose.json;name;Motion Sensor;;Bevegelsessensor;
.branding/elko/_json_patch/drivers/motion_sensor/driver.compose.json;zigbee.learnmode.instruction;Short press the push button three times to start pairing.;;Trykk kort tre ganger på trykknappen for å starte paringen.;
.branding/elko/_json_patch/drivers/motion_switch/driver.compose.json;name;Motion Switch;;PIR med bryter;
.branding/elko/_json_patch/drivers/motion_switch/driver.compose.json;zigbee.learnmode.instruction;Short press the push button three times to start pairing.;;Trykk kort tre ganger på trykknappen for å starte paringen.;
.branding/elko/_json_patch/drivers/other_connected_socket_outlet/driver.compose.json;name;Connected socket outlet;;Tilkoblet stikkontakt;
.branding/elko/_json_patch/drivers/other_connected_socket_outlet/driver.compose.json;zigbee.learnmode.instruction;Short press the push button three times to start pairing.;;Trykk kort tre ganger på trykknappen for å starte paringen.;
.branding/elko/_json_patch/drivers/other_dimmer/driver.compose.json;name;SmartDim 316 GLED dimmer;;SmartDim 316 GLED dimmer;
.branding/elko/_json_patch/drivers/other_dimmer/driver.compose.json;zigbee.learnmode.instruction;Hold the dimmer and push button simultaneously for three seconds to start pairing.;;Hold dimmeren og trykknappen inne samtidig i tre sekunder for å starte sammenkoblingen.;
.branding/elko/_json_patch/drivers/push_button_dimmer/driver.compose.json;name;Push-button Dimmer;;Trykk Dimmer;
.branding/elko/_json_patch/drivers/push_button_dimmer/driver.compose.json;zigbee.learnmode.instruction;Short press the push button three times to start pairing.;;Trykk kort tre ganger på trykknappen for å starte paringen.;
.branding/elko/_json_patch/drivers/relay_switch/driver.compose.json;name;Relay Switch;;Relébryter;
.branding/elko/_json_patch/drivers/relay_switch/driver.compose.json;zigbee.learnmode.instruction;Short press the push button three times to start pairing.;;Trykk kort tre ganger på trykknappen for å starte paringen.;
.branding/elko/_json_patch/drivers/rotary_dimmer/driver.compose.json;name;Rotary Dimmer;;Vri dimmer;
.branding/elko/_json_patch/drivers/rotary_dimmer/driver.compose.json;zigbee.learnmode.instruction;Short press the dimmer button three times to start pairing;;Trykk kort på dimmerknappen tre ganger for å starte sammenkoblingen;
.branding/elko/_json_patch/drivers/shutter_micromodule/driver.compose.json;name;Shutter Micromodule;;Solskjerming  mikromodul;
.branding/elko/_json_patch/drivers/shutter_micromodule/driver.compose.json;zigbee.learnmode.instruction;Short press the Setup/Reset button on the device three times to start pairing;;Trykk kort på Setup/Reset-knappen på enheten tre ganger for å starte sammenkoblingen;
.branding/elko/_json_patch/drivers/shutter_switch/driver.compose.json;name;Shutter Switch;;Solskjermingsbryter;
.branding/elko/_json_patch/drivers/shutter_switch/driver.compose.json;zigbee.learnmode.instruction;Short press the up button three times to start pairing.;;Trykk kort på opp-knappen tre ganger for å starte sammenkoblingen.;
.branding/elko/_json_patch/drivers/smart_plug_16a/driver.compose.json;name;Smart Plug 16A;;Smartplugg 16A;
.branding/elko/_json_patch/drivers/smart_plug_16a/driver.compose.json;zigbee.learnmode.instruction;Short press the push button three times to start pairing.;;Trykk kort tre ganger på trykknappen for å starte paringen.;
.branding/elko/_json_patch/drivers/smart_plus_thermostat/driver.compose.json;name;Smart Thermostat;;Smart termostat;
.branding/elko/_json_patch/drivers/smart_plus_thermostat/driver.compose.json;zigbee.learnmode.instruction;Hold the middle button for five seconds to start pairing.;;Hold midtknappen inne i fem sekunder for å starte sammenkoblingen.;
.branding/elko/_json_patch/drivers/smoke_alarm/driver.compose.json;name;Smoke Alarm;;Røykvarsler;
.branding/elko/_json_patch/drivers/smoke_alarm/driver.compose.json;zigbee.learnmode.instruction;Ensure the power switch on the back of the device is in the ON position, then short press the Setup/Reset button three times to start pairing.;;Sørg for at strømbryteren på baksiden av enheten er i PÅ-posisjon, og trykk deretter kort på Setup/Reset-knappen tre ganger for å starte sammenkoblingen.;
.branding/elko/_json_patch/drivers/super_tr_thermostat/driver.compose.json;name;Super Thermostat;;Super termostat;
.branding/elko/_json_patch/drivers/super_tr_thermostat/driver.compose.json;zigbee.learnmode.instruction;Hold the top and bottom menu buttons simultaneously for five seconds to start pairing.;;Hold den øverste og nederste menyknappen inne samtidig i fem sekunder for å starte sammenkoblingen.;
.branding/elko/_json_patch/drivers/switch_micromodule/driver.compose.json;name;Switch Micromodule;;Bytt mikromodul;
.branding/elko/_json_patch/drivers/switch_micromodule/driver.compose.json;zigbee.learnmode.instruction;Short press the Setup/Reset button on the device three times to start pairing;;Trykk kort på Setup/Reset-knappen på enheten tre ganger for å starte sammenkoblingen;
.branding/elko/_json_patch/drivers/temperature_humidity_sensor/driver.compose.json;name;Temperature & Humidity Sensor;;Temperatur- og fuktighetssensor;
.branding/elko/_json_patch/drivers/temperature_humidity_sensor/driver.compose.json;zigbee.learnmode.instruction;Short press the Setup/Reset button on the back of the device three times to start pairing.;;Trykk kort på Setup/Reset-knappen på baksiden av enheten tre ganger for å starte sammenkoblingen.;
.branding/elko/_json_patch/drivers/water_leakage_sensor/driver.compose.json;name;Water Leakage Sensor;;Vannlekkasjesensor;
.branding/elko/_json_patch/drivers/water_leakage_sensor/driver.compose.json;zigbee.learnmode.instruction;Short press the Setup/Reset button on the back of the device three times to start pairing.;;Trykk kort på Setup/Reset-knappen på baksiden av enheten tre ganger for å starte sammenkoblingen.;
.branding/elko/_json_patch/drivers/window_door_sensor/driver.compose.json;name;Door/Window Sensor;;Dør/Vindussensor;
.branding/elko/_json_patch/drivers/window_door_sensor/driver.compose.json;zigbee.learnmode.instruction;Short press the Setup/Reset button on the back of the device three times to start pairing.;;Trykk kort på Setup/Reset-knappen på baksiden av enheten tre ganger for å starte sammenkoblingen.;
.branding/schneider/_json_patch/.homeycompose/app.json;description;ELKO – plain and simple!;;ELKO– enkelt og greit!;
.branding/schneider/_json_patch/.homeycompose/app.json;name;ELKO Smart;;ELKO Smart;
.branding/schneider/_json_patch/drivers/connected_socket_outlet/driver.compose.json;name;Connected Socket Outlet;;Tilkoblet stikkontakt;
.branding/schneider/_json_patch/drivers/connected_socket_outlet/driver.compose.json;zigbee.learnmode.instruction;Short press the push button three times to start pairing.;;Trykk kort tre ganger på trykknappen for å starte paringen.;
.branding/schneider/_json_patch/drivers/dimmer_micromodule/driver.compose.json;name;Dimmer Micromodule;;Dimmer puck;
.branding/schneider/_json_patch/drivers/dimmer_micromodule/driver.compose.json;zigbee.learnmode.instruction;Short press the Setup/Reset button on the device to start pairing;;Trykk kort på Setup/Reset-knappen på enheten for å starte sammenkoblingen;
.branding/schneider/_json_patch/drivers/freelocate_switch/driver.compose.json;name;Freelocate Switch;;Trådløs bryter;
.branding/schneider/_json_patch/drivers/freelocate_switch/driver.compose.json;zigbee.learnmode.instruction;Short press the top right push button three times to start pairing.;;Trykk kort på trykkknappen øverst til høyre tre ganger for å starte paringen.;
.branding/schneider/_json_patch/drivers/fuga_dimmer/driver.compose.json;name;Fuga Dimmer;;Fuga dimmer;
.branding/schneider/_json_patch/drivers/fuga_dimmer/driver.compose.json;zigbee.learnmode.instruction;Short press the top left push button three times to start pairing.;;Trykk kort på den øverste venstre trykknappen tre ganger for å starte paringen.;
.branding/schneider/_json_patch/drivers/fuga_switch/driver.compose.json;name;Fuga Switch;;Fuga Switch;
.branding/schneider/_json_patch/drivers/fuga_switch/driver.compose.json;zigbee.learnmode.instruction;Short press the top left push button three times to start pairing.;;Trykk kort på den øverste venstre trykknappen tre ganger for å starte paringen.;
.branding/schneider/_json_patch/drivers/motion_dimmer/driver.compose.json;name;Motion Dimmer;;PIR med dimmer;
.branding/schneider/_json_patch/drivers/motion_dimmer/driver.compose.json;zigbee.learnmode.instruction;Short press the push button three times to start pairing.;;Trykk kort tre ganger på trykknappen for å starte paringen.;
.branding/schneider/_json_patch/drivers/motion_sensor/driver.compose.json;name;Motion Sensor;;Bevegelsessensor;
.branding/schneider/_json_patch/drivers/motion_sensor/driver.compose.json;zigbee.learnmode.instruction;Short press the push button three times to start pairing.;;Trykk kort tre ganger på trykknappen for å starte paringen.;
.branding/schneider/_json_patch/drivers/motion_switch/driver.compose.json;name;Motion Switch;;Bevegelsesbryter;
.branding/schneider/_json_patch/drivers/motion_switch/driver.compose.json;zigbee.learnmode.instruction;Short press the push button three times to start pairing.;;Trykk kort tre ganger på trykknappen for å starte paringen.;
.branding/schneider/_json_patch/drivers/one_gang_1-10V_dimmer/driver.compose.json;name;1-10V Dimmer;;1-10V dimmer;
.branding/schneider/_json_patch/drivers/one_gang_1-10V_dimmer/driver.compose.json;zigbee.learnmode.instruction;Short press the push button three times to start pairing.;;Trykk kort tre ganger på trykknappen for å starte paringen.;
.branding/schneider/_json_patch/drivers/one_gang_dali_dimmer/driver.compose.json;name;DALI Dimmer;;DALI dimmer;
.branding/schneider/_json_patch/drivers/one_gang_dali_dimmer/driver.compose.json;zigbee.learnmode.instruction;Short press the push button three times to start pairing.;;Trykk kort tre ganger på trykknappen for å starte paringen.;
.branding/schneider/_json_patch/drivers/one_gang_dimmer/driver.compose.json;name;1-Channel Dimmer;;1-kanals dimmer;
.branding/schneider/_json_patch/drivers/one_gang_dimmer/driver.compose.json;zigbee.learnmode.instruction;Short press the push button three times to start pairing.;;Trykk kort tre ganger på trykknappen for å starte paringen.;
.branding/schneider/_json_patch/drivers/one_gang_eswitch/driver.compose.json;name;1-Channel Electronic Switch;;1-kanals elektronisk bryter;
.branding/schneider/_json_patch/drivers/one_gang_eswitch/driver.compose.json;zigbee.learnmode.instruction;Short press the push button three times to start pairing.;;Trykk kort tre ganger på trykknappen for å starte paringen.;
.branding/schneider/_json_patch/drivers/one_gang_shutter/driver.compose.json;name;Shutter Switch;;Solskjermingsbryter;
.branding/schneider/_json_patch/drivers/one_gang_shutter/driver.compose.json;zigbee.learnmode.instruction;Short press the push button three times to start pairing.;;Trykk kort tre ganger på trykknappen for å starte paringen.;
.branding/schneider/_json_patch/drivers/one_gang_switch/driver.compose.json;name;1-Channel Relay Switch;;1-kanals relébryter;
.branding/schneider/_json_patch/drivers/one_gang_switch/driver.compose.json;zigbee.learnmode.instruction;Short press the push button three times to start pairing.;;Trykk kort tre ganger på trykknappen for å starte paringen.;
.branding/schneider/_json_patch/drivers/other_connected_socket_outlet/driver.compose.json;name;Connected socket outlet;;Tilkoblet stikkontakt;
.branding/schneider/_json_patch/drivers/other_connected_socket_outlet/driver.compose.json;zigbee.learnmode.instruction;Short press the push button three times to start pairing.;;Trykk kort tre ganger på trykknappen for å starte paringen.;
.branding/schneider/_json_patch/drivers/other_other_connected_socket_outlet/driver.compose.json;name;Connected socket outlet;;Tilkoblet stikkontakt;
.branding/schneider/_json_patch/drivers/other_other_connected_socket_outlet/driver.compose.json;zigbee.learnmode.instruction;Short press the on button three times to start pairing.;;Trykk kort på på-knappen tre ganger for å starte sammenkoblingen.;
.branding/schneider/_json_patch/drivers/push_button_dimmer/driver.compose.json;name;Push-button Dimmer;;Trykknapp Dimmer;
.branding/schneider/_json_patch/drivers/push_button_dimmer/driver.compose.json;zigbee.learnmode.instruction;Short press the push button three times to start pairing.;;Trykk kort tre ganger på trykknappen for å starte paringen.;
.branding/schneider/_json_patch/drivers/relay_switch/driver.compose.json;name;Relay Switch;;Relébryter;
.branding/schneider/_json_patch/drivers/relay_switch/driver.compose.json;zigbee.learnmode.instruction;Short press the push button three times to start pairing.;;Trykk kort tre ganger på trykknappen for å starte paringen.;
.branding/schneider/_json_patch/drivers/rotary_dimmer/driver.compose.json;name;Rotary Dimmer;;Vri dimmer;
.branding/schneider/_json_patch/drivers/rotary_dimmer/driver.compose.json;zigbee.learnmode.instruction;Short press the dimmer button three times to start pairing;;Trykk kort på dimmerknappen tre ganger for å starte sammenkoblingen;
.branding/schneider/_json_patch/drivers/shutter_micromodule/driver.compose.json;name;Shutter Micromodule;;Solskjermingspuck;
.branding/schneider/_json_patch/drivers/shutter_micromodule/driver.compose.json;zigbee.learnmode.instruction;Short press the Setup/Reset button on the device three times to start pairing;;Trykk kort på Setup/Reset-knappen på enheten tre ganger for å starte sammenkoblingen;
.branding/schneider/_json_patch/drivers/shutter_switch/driver.compose.json;name;Shutter Switch;;Solskjermingsbryter;
.branding/schneider/_json_patch/drivers/shutter_switch/driver.compose.json;zigbee.learnmode.instruction;Short press the up button three times to start pairing.;;Trykk kort på opp-knappen tre ganger for å starte sammenkoblingen.;
.branding/schneider/_json_patch/drivers/smart_plug_13a/driver.compose.json;name;Smart Plug 13A;;Smartplugg 13A;
.branding/schneider/_json_patch/drivers/smart_plug_13a/driver.compose.json;zigbee.learnmode.instruction;Short press the push button on the top of the device three times to start pairing.;;Trykk kort på trykknappen på toppen av enheten tre ganger for å starte sammenkoblingen.;
.branding/schneider/_json_patch/drivers/smart_plug_16a/driver.compose.json;name;Smart Plug 16A;;Smartplugg 16A;
.branding/schneider/_json_patch/drivers/smart_plug_16a/driver.compose.json;zigbee.learnmode.instruction;Short press the push button three times to start pairing.;;Trykk kort tre ganger på trykknappen for å starte paringen.;
.branding/schneider/_json_patch/drivers/smoke_alarm/driver.compose.json;name;Smoke Alarm;;Røykvarsler;
.branding/schneider/_json_patch/drivers/smoke_alarm/driver.compose.json;zigbee.learnmode.instruction;Ensure the power switch on the back of the device is in the ON position, then short press the Setup/Reset button three times to start pairing.;;Sørg for at strømbryteren på baksiden av enheten er i PÅ-posisjon, og trykk deretter kort på Setup/Reset-knappen tre ganger for å starte sammenkoblingen.;
.branding/schneider/_json_patch/drivers/switch_micromodule/driver.compose.json;name;Switch Micromodule;;Bytt mikromodul;
.branding/schneider/_json_patch/drivers/switch_micromodule/driver.compose.json;zigbee.learnmode.instruction;Short press the Setup/Reset button on the device three times to start pairing;;Trykk kort på Setup/Reset-knappen på enheten tre ganger for å starte sammenkoblingen;
.branding/schneider/_json_patch/drivers/temperature_humidity_sensor/driver.compose.json;name;Temperature & Humidity Sensor;;Temperatur- og fuktighetssensor;
.branding/schneider/_json_patch/drivers/temperature_humidity_sensor/driver.compose.json;zigbee.learnmode.instruction;Short press the Setup/Reset button on the back of the device three times to start pairing.;;Trykk kort på Setup/Reset-knappen på baksiden av enheten tre ganger for å starte sammenkoblingen.;
.branding/schneider/_json_patch/drivers/two_gang_dimmer/driver.compose.json;name;2-Channel Dimmer;;2-kanals dimmer;
.branding/schneider/_json_patch/drivers/two_gang_dimmer/driver.compose.json;zigbee.learnmode.instruction;Short press the top right push button three times to start pairing.;;Trykk kort på trykkknappen øverst til høyre tre ganger for å starte paringen.;
.branding/schneider/_json_patch/drivers/two_gang_eswitch/driver.compose.json;name;2-Channel Electronic Switch;;2-kanals elektronisk bryter;
.branding/schneider/_json_patch/drivers/two_gang_eswitch/driver.compose.json;zigbee.learnmode.instruction;Short press the top right push button three times to start pairing.;;Trykk kort på trykkknappen øverst til høyre tre ganger for å starte paringen.;
.branding/schneider/_json_patch/drivers/two_gang_switch/driver.compose.json;name;2-Channel Relay Switch;;2-kanals relébryter;
.branding/schneider/_json_patch/drivers/two_gang_switch/driver.compose.json;zigbee.learnmode.instruction;Short press the top right push button three times to start pairing.;;Trykk kort på trykkknappen øverst til høyre tre ganger for å starte paringen.;
.branding/schneider/_json_patch/drivers/water_leakage_sensor/driver.compose.json;name;Water Leakage Sensor;;Vannlekkasjesensor;
.branding/schneider/_json_patch/drivers/water_leakage_sensor/driver.compose.json;zigbee.learnmode.instruction;Short press the Setup/Reset button on the back of the device three times to start pairing.;;Trykk kort på Setup/Reset-knappen på baksiden av enheten tre ganger for å starte sammenkoblingen.;
.branding/schneider/_json_patch/drivers/window_door_sensor/driver.compose.json;name;Door/Window Sensor;;Dør/Vindussensor;
.branding/schneider/_json_patch/drivers/window_door_sensor/driver.compose.json;zigbee.learnmode.instruction;Short press the Setup/Reset button on the back of the device three times to start pairing.;;Trykk kort på Setup/Reset-knappen på baksiden av enheten tre ganger for å starte sammenkoblingen.;
.homeycompose/capabilities/command_child_lock.json;title;Child Lock;Barnlås;Barnesikring;Børne lås
.homeycompose/capabilities/command_frost_guard.json;title;Frost Guard;Frostvakt;Frostsikring;Frost beskyttelse
.homeycompose/capabilities/command_night_mode.json;title;Night Mode;Nattläge;Nattmodus;Nattilstand
.homeycompose/capabilities/command_regulator_duty_cycle.json;title;Duty cycle;Arbetscykel;Arbeidssyklus;Driftscyklus
.homeycompose/capabilities/command_regulator_duty_cycle.json;units;%;;%;
.homeycompose/capabilities/display_air_temperature.json;desc;Air Temperature in degrees Celsius (°C);Lufttemperatur i Celsius (°C);Lufttemperatur i grader Celsius (°C);Lufttemperatur i grader Celsius (° C)
.homeycompose/capabilities/display_air_temperature.json;title;Air Temperature;Lufttemperatur;Lufttemperatur;Lufttemperatur
.homeycompose/capabilities/display_air_temperature.json;units;°C;;;° C.
.homeycompose/capabilities/display_floor_temperature.json;desc;Floor Temperature in degrees Celsius (°C);Golvtemperatur i Celsius °C;Gulvtemperatur i grader Celsius (°C);Gulvtemperatur i grader Celsius (° C)
.homeycompose/capabilities/display_floor_temperature.json;title;Floor Temperature;Golvtemperatur;Gulvtemperatur;Gulvtemperatur
.homeycompose/capabilities/display_floor_temperature.json;units;°C;;;° C.
.homeycompose/capabilities/display_heating.json;insightsTitleFalse;Stopped Heating;Uppvärmning stoppad;Avsluttet oppvarming;Stoppet opvarmning
.homeycompose/capabilities/display_heating.json;insightsTitleTrue;Started Heating;Uppvärmning startad;Startet oppvarming;Begyndte opvarmning
.homeycompose/capabilities/display_heating.json;title;Heating;Uppvärmning;Oppvarming;Opvarmning
.homeycompose/capabilities/display_lifetime.json;title;Used Lifetime;Användning livstid;Brukt levetid;Brugt levetid
.homeycompose/capabilities/display_lifetime.json;units;Years;År;År;Flere år
.homeycompose/capabilities/supports_held_buttons.json;title;Supports Held Button Detection;Supporterar detektion av intryckt knapp;Støtter deteksjon av holdt knapp;Holdt knap understøttelse
.homeycompose/capabilities/supports_long_release.json;title;Supports Long Release Detection;Supporterar lång knapptryckning;Støtter deteksjon av lang slipp-deteksjon;Understøtter detektion med lang frigivelse
.homeycompose/drivers/settings/switchConfiguration.json;values[0].label;Light;Ljus;Lys;Lys
.homeycompose/drivers/settings/switchConfiguration.json;values[10].label;Dimmer Toggle;Dimmerjustering;Dimmer (bytte);Dæmper skift
.homeycompose/drivers/settings/switchConfiguration.json;values[11].label;Inactive;Inaktiv;Inaktiv;Inaktiv
.homeycompose/drivers/settings/switchConfiguration.json;values[1].label;Light Inverted;Belysning omvänd;Invertert lys  Gulvtemperatur Knapp;Lys omvendt
.homeycompose/drivers/settings/switchConfiguration.json;values[2].label;Dimmer;;;Dæmper
.homeycompose/drivers/settings/switchConfiguration.json;values[3].label;Dimmer Inverted;Dimmer omvänd;Invertert dimmer;Dæmper omvendt
.homeycompose/drivers/settings/switchConfiguration.json;values[4].label;Standard Shutter;Standardslutning;Standard solskjermingsbryter;Standard solafskærmning
.homeycompose/drivers/settings/switchConfiguration.json;values[5].label;Standard Shutter Inverted;Omvänd standardslutning;Invertert standard solskjermingsbryter;Standardsolafskærmning inverteret
.homeycompose/drivers/settings/switchConfiguration.json;values[6].label;Schneider Shutter;Schneider brytare;ELKO solskjermingsbryter;Schneider solafskærmning
.homeycompose/drivers/settings/switchConfiguration.json;values[7].label;Schneider Shutter Inverted;Schneider brytare omvänd;Invertert ELKO solskjermingsbryter;Schneider solafskærmning omvendt
.homeycompose/drivers/settings/switchConfiguration.json;values[8].label;Scene;Scen;;
.homeycompose/drivers/settings/switchConfiguration.json;values[9].label;Light Toggle;Belysningsknapp;Lys (bytte);Lys skift
.homeycompose/flow/actions/command_regulator_duty_cycle_set.json;args[1].title;Duty cycle;Arbetscykel;Arbeidssyklus;Driftscyklus
.homeycompose/flow/actions/command_regulator_duty_cycle_set.json;title;Set the duty cycle;Specificera arbetscykel;Sett arbeidssyklus;Indstil driftscyklussen
.homeycompose/flow/actions/command_regulator_duty_cycle_set.json;titleFormatted;Set the duty cycle to [[command_duty_cycle]];;Sett arbeidssyklus til [[command_duty_cycle]];
.homeycompose/flow/triggers/command_regulator_duty_cycle_changed.json;title;The duty cycle changed;Arbetscykeln har ändrats;Arbeidssyklus endret;Dutycyklussen ændrede sig
.homeycompose/flow/triggers/command_regulator_duty_cycle_changed.json;tokens[0].title;Duty cycle;Arbetscykel;Arbeidssyklus;Driftscyklus
.homeycompose/flow/triggers/display_air_temperature_changed.json;title;The air temperature changed;Temperaturen har ändrats;Lufttemperatur endret;Lufttemperaturen ændrede sig
.homeycompose/flow/triggers/display_air_temperature_changed.json;tokens[0].title;Air temperature;Temperatur;Lufttemperatur;Lufttemperatur
.homeycompose/flow/triggers/display_floor_temperature_changed.json;title;The floor temperature changed;Golvtemperaturen har ändrats;Gulvtemperatur endret;Gulvtemperaturen ændrede sig
.homeycompose/flow/triggers/display_floor_temperature_changed.json;tokens[0].title;Floor temperature;Golvtemperatur;Gulvtemperatur;Gulvtemperatur
.homeycompose/flow/triggers/multi_button_held.json;args[1].title;Button;Knapp;Knapp;Knap
.homeycompose/flow/triggers/multi_button_held.json;args[1].values[0].label;1;;;
.homeycompose/flow/triggers/multi_button_held.json;args[1].values[1].label;2;;;
.homeycompose/flow/triggers/multi_button_held.json;args[1].values[2].label;3;;;
.homeycompose/flow/triggers/multi_button_held.json;args[1].values[3].label;4;;;
.homeycompose/flow/triggers/multi_button_held.json;args[1].values[4].label;Any;Valfri;Enhver;Vilkårlig
.homeycompose/flow/triggers/multi_button_held.json;title;Held button;Håll inne brytaren;Holdt knapp;Holdt knap
.homeycompose/flow/triggers/multi_button_held.json;titleFormatted;Held button [[button]];Håll inne brytare [[button]];Holdt knapp [[button]];Holdt knap [[button]]
.homeycompose/flow/triggers/multi_button_held.json;tokens[0].title;Button;Brytare;Knapp;Knap
.homeycompose/flow/triggers/multi_button_long_released.json;args[1].title;Button;Brytare;Knapp;Knap
.homeycompose/flow/triggers/multi_button_long_released.json;args[1].values[0].label;1;;;
.homeycompose/flow/triggers/multi_button_long_released.json;args[1].values[1].label;2;;;
.homeycompose/flow/triggers/multi_button_long_released.json;args[1].values[2].label;3;;;
.homeycompose/flow/triggers/multi_button_long_released.json;args[1].values[3].label;4;;;
.homeycompose/flow/triggers/multi_button_long_released.json;args[1].values[4].label;Any;Valfri;Enhver;Vilkårlig
.homeycompose/flow/triggers/multi_button_long_released.json;title;Long pressed button;Lång-tryck brytare;Langtrykket knapp;Langt trykknap
.homeycompose/flow/triggers/multi_button_long_released.json;titleFormatted;Long pressed button [[button]];Lång-tryck brytare [[button]];Langtrykket knapp [[button]];Langt tryk knap [[button]]
.homeycompose/flow/triggers/multi_button_long_released.json;tokens[0].title;Button;Brytare;Knapp;Knap
.homeycompose/flow/triggers/multi_button_short_released.json;args[1].title;Button;Brytare;Knapp;Knap
.homeycompose/flow/triggers/multi_button_short_released.json;args[1].values[0].label;1;;;
.homeycompose/flow/triggers/multi_button_short_released.json;args[1].values[1].label;2;;;
.homeycompose/flow/triggers/multi_button_short_released.json;args[1].values[2].label;3;;;
.homeycompose/flow/triggers/multi_button_short_released.json;args[1].values[3].label;4;;;
.homeycompose/flow/triggers/multi_button_short_released.json;args[1].values[4].label;Any;Valfri;Enhver;Vilkårlig
.homeycompose/flow/triggers/multi_button_short_released.json;title;Pressed button;Intryckt brytare;Trykket knapp;Tryk på knap
.homeycompose/flow/triggers/multi_button_short_released.json;titleFormatted;Pressed button [[button]];Intryckt brytare [[button]];Trykket knapp [[button]];Tryk på knap [[button]]
.homeycompose/flow/triggers/multi_button_short_released.json;tokens[0].title;Button;Brytare;Knapp;Knap
.homeycompose/locales;multiButton.buttonSettingResult;New modes result in __switchConfig__ configuration, __heldButton__ held button support and __longRelease__ long press support;;Nye moduser resulterer i __switchConfig__ konfigurering, __heldButton__ hold knapp support og __longRelease__ langt trykk support;Nye tilstande resulterer i __switchConfig__ konfiguration, __heldButton__ holdt knap understøttelse og __longRelease__ langt tryk understøttelse
.homeycompose/locales;multiButton.errorStandardSupport;The Standard Shutter and Toggle actions are only supported in a 4-button configuration!;Funktionerna sluta och växla stöds endast i en konfiguration med 4 knappar!;Standard solskjerming og bryter-handlinger støttes bare i en 4-knapps konfigurasjon!;Standard solafskærmnings og omskiftningshandlinger understøttes kun i en 4-knap-konfiguration!
.homeycompose/locales;multiButton.errorThreeButton;Endpoint 23 and 24 need to be either both active or both inactive!;Slutpunkt 23 och 24 måste antingen vara aktiva eller båda inaktiva!;Endepunkt 23 og 24 må enten begge være aktive eller begge være inaktive!;Endpoint 23 og 24 skal begge være enten aktive eller inaktive!
.homeycompose/locales;multiButton.errorUnexpectedConfig;Unexpected button configuration;Oväntad knappkonfiguration;Uventet knappkonfigurasjon;Uventet knapkonfiguration
.homeycompose/locales;multiButton.errorUnexpectedEndpoint;Unexpected endpoint for this button configuration;Oväntad slutpunkt för denna knappkonfiguration;Uventet endepunkt for denne knappkonfigurasjonen;Uventet slutpunkt for denne knapkonfiguration
.homeycompose/locales;multiButton.errorUnsupportedConfig;Unsupported button configuration;Osupporterad knappkonfiguration;Ikke-støttet knappkonfigurasjon;Ikke -understøttet knapkonfiguration
drivers-src/motion_dimmer/driver.settings.compose.json;[0].hint;Operation mode of the sensor;Driftsläge för sensor;Driftsmodus for sensoren;Operationstilstand for sensoren
drivers-src/motion_dimmer/driver.settings.compose.json;[0].label;Occupancy Operation;Rörelsedetektion;Okkupert aksjon;Bevægelsesindstillinger
drivers-src/motion_dimmer/driver.settings.compose.json;[0].values[0].label;Manually turned on and off with the button only;Hanteras manuellt med tryckknappen;Manuelt slått av og på kun med knappen;Manuelt tændt og slukket med knappen
drivers-src/motion_dimmer/driver.settings.compose.json;[0].values[1].label;Automatically turned on and off by the sensor;Hanteras automatiskt baserat på sensorn;Automatisk slått av og på av sensoren;Tændes og slukkes automatisk af sensoren
drivers-src/motion_dimmer/driver.settings.compose.json;[0].values[2].label;Automatically turned on by the sensor, manually turned off;Aktiveras automatiskt via sensorn, stängs av manuellt;Automatisk slått på av sensoren, manuelt slått av;Automatisk tændt af sensoren, manuelt slukket
drivers-src/motion_dimmer/driver.settings.compose.json;[0].values[3].label;Manually turned on, automatically turned off by the sensor;Aktiveras manuellt, stängs av automatiskt av sensorn;Manuelt slått på, automatisk slått av av sensoren;Manuelt tændt, automatisk slukket af sensoren
drivers-src/motion_dimmer/driver.settings.compose.json;[1].hint;How many seconds the sensor needs to not see movement before being able to change from occupied to unoccupied again. If any movement is detected in this period, the timeout is restarted.;Hur många sekunder som behöver gå innan sensorn upptäcker rörelse, innan den växlar från detekterat till ej detekterat. Om rörelse detekteras under denna period, startar nedräkningen om.;Hvor mange sekunder sensoren ikke skal oppdage bevegelse før den kan endre seg fra opptatt til uopptatt tilstand igjen. Hvis det oppdages bevegelse i løpet av denne perioden, blir timeouten nullstilt.;Hvor mange sekunder er sensoren ikke at se bevægelse, før den kan ændre sig fra bevægelse til ingen bevægelse. Hvis der opdages nogen bevægelse i denne periode, genstartes timeout.
drivers-src/motion_dimmer/driver.settings.compose.json;[1].label;Occupied Timeout;Rörelse detekterad - timeout;Okkupert Tidsavbrudd;Bevægelses timeout
drivers-src/motion_dimmer/driver.settings.compose.json;[2].hint;How many seconds the sensor needs to not see movement before being able to change from unoccupied to occupied again. If any movement is detected in this period, the timeout is restarted.;Hur många sekunder som behöver gå innan sensorn upptäcker rörelse, innan den växlar från ej detekterat till detekterat. Om rörelse detekteras under denna period, startar nedräkningen om.;Hvor mange sekunder sensoren må ikke oppdage bevegelse før den kan endre seg fra uopptatt til opptatt tilstand igjen. Hvis det oppdages bevegelse i løpet av denne perioden, blir timeouten nullstilt.;Hvor mange sekunder er sensoren ikke at se bevægelse, før den kan ændre sig fra bevægelse til ingen bevægelse. Hvis der opdages nogen bevægelse i denne periode, genstartes timeout.
drivers-src/motion_dimmer/driver.settings.compose.json;[2].label;Unoccupied Timeout;Rörelse ej detekterad - timeout;Uokkupert tidsavbrudd;Ingen bevægelse timeout
drivers-src/motion_dimmer/driver.settings.compose.json;[3].hint;Light level above which motion does not activate the occupancy action, for example to not turn on lights during the day. The value represent 10000 * log10 of the illuminance threshold in Lux.;Vilken ljusnivå som krävs för att inte aktivera belysningen vid rörelse.Exempel för att inte tända belysningen under dagen. Värdet representerar 10000 * log10 av belysningströskeln i Lux.;Lysnivå over hvor bevegelse ikke aktiverer opptatthandlingen, for eksempel for å unngå å slå på lysene om dagen. Verdien representerer 10000 * log10 av belysningsgrensen i lux.;Lysniveau over hvilken bevægelse ikke aktiverer bevægelseshandlingen, for eksempel for ikke at tænde lys i løbet af dagen. Værdien repræsenterer 10000 * log10 af Illuminance -tærsklen i Lux.
drivers-src/motion_dimmer/driver.settings.compose.json;[3].label;Ambient Light Threshold;Tröskelvärde för omgivande ljus;Omgivelseslysgrense;Omgivende lysgrænse
drivers-src/motion_dimmer/driver.settings.compose.json;[4].hint;Action to take when motion is detected;Åtgärd som ska tas när rörelse detekteras;Handling som skal utføres når bevegelse oppdages;Handling når der detekteres bevægelse
drivers-src/motion_dimmer/driver.settings.compose.json;[4].label;Occupancy Action;Åtgärd vid rörelse;Okkupert handling;Bevægelseshandling
drivers-src/motion_dimmer/driver.settings.compose.json;[4].values[0].label;None;Ingen;Ingen;Ingen
drivers-src/motion_dimmer/driver.settings.compose.json;[4].values[1].label;Turn on when motion is detected, and off when no motion is detected.;Aktivera när rörelse detekteras och stäng av när rörelse ej är detekterad.;Slå på når bevegelse oppdages, og av når ingen bevegelse oppdages.;Tænd for, når der detekteres bevægelse, og sluk når der ikke detekteres bevægelse.
drivers-src/motion_dimmer/driver.settings.compose.json;[4].values[2].label;Change the brightness to the unoccupied level when no motion is detected. If the unoccupied level is set to 0 switch between off and the last set dimming level.;Sätt ljusstyrka vid ej detekterad rörelse. Växla mellan avstängd eller senast inställda dimningsnivå.;Endre lysstyrken til uokkupert nivå når ingen bevegelse oppdages. Hvis uokkupert nivå er satt til 0, bytt mellom av og siste innstilte dimmenivå.;Skift lysstyrke for ingen bevægelse. Hvis niveau for ingen bevægelse er indstillet til 0 - skiftes mellem slukket og seneste dæmpningsniveau.
drivers-src/motion_dimmer/driver.settings.compose.json;[5].hint;Dimming percentage used by the brightness occupancy action when no motion is detected.;Ljusstyrka i % när ingen rörelse detekterats.;Dimmeprosenten brukt av lysstyrkeopptatthandlingen når ingen bevegelse oppdages.;Dæmpningsprocent anvendt af lysstyrke ved bevægelseshandlingen, når der ikke detekteres bevægelse.
drivers-src/motion_dimmer/driver.settings.compose.json;[5].label;Unoccupied Level;Nivå vid rörelse ej detekterad;Uopptatt nivå;Ingen bevægelse niveau
drivers-src/motion_dimmer/driver.settings.compose.json;[6].hint;The sensitivity of the motion detector as a percentage.;;Sensitiviteten til bevegelsesdetektoren i prosent;
drivers-src/motion_dimmer/driver.settings.compose.json;[6].label;Sensitivity;;Sensitiviteten;
drivers-src/motion_sensor/driver.settings.compose.json;[0].hint;How many seconds the sensor needs to not see movement before being able to change from occupied to unoccupied again. If any movement is detected in this period, the timeout is restarted.;Hur många sekunder som behöver passera där sensorn ej detekterar rörelse innan den skiftar från detekterad till ej detekterad. Ifall rörelse detekteras under denna tidsperiod, startar nedräkningen om.;Hvor mange sekunder sensoren ikke skal oppdage bevegelse før den kan endre seg fra opptatt til uopptatt igjen. Hvis det oppdages bevegelse i løpet av denne perioden, startes timeouten på nytt.;Hvor mange sekunder er sensoren ikke at se bevægelse, før den kan ændre sig fra bevægelse til ingen bevægelse. Hvis der opdages nogen bevægelse i denne periode, genstartes timeout.
drivers-src/motion_sensor/driver.settings.compose.json;[0].label;Occupied Timeout;Rörelse detekterad - timeout;Okkupert tidsavbrudd;Bevægelses timeout
drivers-src/motion_sensor/driver.settings.compose.json;[1].label;Sensitivity Level;;Sensitivitetsnivå ;
drivers-src/motion_switch/driver.settings.compose.json;[0].hint;Operation mode of the sensor;Detektorns driftsläge;Driftsmodus for sensoren.;Funktionstilstand for sensoren
drivers-src/motion_switch/driver.settings.compose.json;[0].label;Occupancy Operation;Drift vid detekterad rörelse;Okkupert operasjon;Bevægelsesfunktion
drivers-src/motion_switch/driver.settings.compose.json;[0].values[0].label;Manually turned on and off with the button only;Manuellt till- och frånslag enbart via tryckknappen;Manuelt slått av og på kun med knappen;Manuelt tændt og slukket med knappen
drivers-src/motion_switch/driver.settings.compose.json;[0].values[1].label;Automatically turned on and off by the sensor;Automatiskt till- och frånslag baserat på sensorns detektering;Automatisk slått av og på av sensoren;Tændes og slukkes automatisk af sensoren
drivers-src/motion_switch/driver.settings.compose.json;[0].values[2].label;Automatically turned on by the sensor, manually turned off;Automatiskt tillslag från sensorn, stängs av manuellt via tryckknappen;Automatisk slått på av sensoren, manuelt slått av;Automatisk tændt af sensoren, manuelt slukket
drivers-src/motion_switch/driver.settings.compose.json;[0].values[3].label;Manually turned on, automatically turned off by the sensor;Manuellt tillslag och automatiskt frånslag via sensorn;Manuelt slått på, automatisk slått av av sensoren;Manuelt tændt, automatisk slukket af sensoren
drivers-src/motion_switch/driver.settings.compose.json;[1].hint;How many seconds the sensor needs to not see movement before being able to change from occupied to unoccupied again. If any movement is detected in this period, the timeout is restarted.;Hur många sekunder som behöver passera där sensorn ej detekterar rörelse innan den skiftar från detekterad till ej detekterad. Ifall rörelse detekteras under denna tidsperiod, startar nedräkningen om.;Hvor mange sekunder sensoren ikke skal oppdage bevegelse før den kan endre seg fra opptatt til uopptatt igjen. Hvis det oppdages bevegelse i løpet av denne perioden, startes timeouten på nytt.;Hvor mange sekunder er sensoren ikke at se bevægelse, før den kan ændre sig fra bevægelse til ingen bevægelse. Hvis der opdages nogen bevægelse i denne periode, genstartes timeout.
drivers-src/motion_switch/driver.settings.compose.json;[1].label;Occupied Timeout;Rörelse detekterad - timeout;Okkupert tidsavbrudd;Bevægelses timeout
drivers-src/motion_switch/driver.settings.compose.json;[2].hint;How many seconds the sensor needs to not see movement before being able to change from unoccupied to occupied again. If any movement is detected in this period, the timeout is restarted.;Hur många sekunder som behöver passera där sensorn ej detekterar rörelse innan den skiftar från ej detekterad till detekterad. Ifall rörelse detekteras under denna tidsperiod, startar nedräkningen om.;Hvor mange sekunder sensoren ikke må oppdage bevegelse før den kan endre seg fra ikke bevegelse til bevegelse igjen. Hvis det oppdages bevegelse i løpet av denne perioden, startes tidsavbruddet på nytt.;Hvor mange sekunder er sensoren ikke at se bevægelse, før den kan ændre sig fra bevægelse til ingen bevægelse. Hvis der opdages nogen bevægelse i denne periode, genstartes timeout.
drivers-src/motion_switch/driver.settings.compose.json;[2].label;Unoccupied Timeout;Rörelse ej detekterad - timeout;Tidsavbrudd for uokkupert tilstand;Ingen bevægelse timeout
drivers-src/motion_switch/driver.settings.compose.json;[3].hint;Light level above which motion does not activate the occupancy action, for example to not turn on lights during the day. The value represent 10000 * log10 of the illuminance threshold in Lux.;Vilken ljusnivå som krävs för att inte aktivera belysningen vid rörelse.Exempel för att inte tända belysningen under dagen. Värdet representerar 10000 * log10 av belysningströskeln i Lux.;Lysnivå over hvor bevegelse ikke aktiverer bevegelse oppdaget handlinger, for eksempel for å unngå å slå på lysene om dagen. Verdien representerer 10000 * log10 av belysningsgrensen i lux;Lysniveau over hvilken bevægelse ikke aktiverer bevægelseshandlingen, for eksempel for ikke at tænde lys i løbet af dagen. Værdien repræsenterer 10000 * log10 af Illuminance -tærsklen i Lux.
drivers-src/motion_switch/driver.settings.compose.json;[3].label;Ambient Light Threshold;Tröskelvärde för omgivande ljus;Omgivelseslys grenseverdi;Omgivende lysgrænse
drivers-src/motion_switch/driver.settings.compose.json;[4].hint;Action to take when motion is detected;Åtgärd som ska tas när rörelse detekteras;Handling som skal utføres når bevegelse oppdages;Handling når der detekteres bevægelse
drivers-src/motion_switch/driver.settings.compose.json;[4].label;Occupancy Action;Åtgärd vid rörelse;Opptatthets handling;Bevægelseshandling
drivers-src/motion_switch/driver.settings.compose.json;[4].values[0].label;None;Ingen;Ingen;Ingen
drivers-src/motion_switch/driver.settings.compose.json;[4].values[1].label;Turn on when motion is detected, and off when no motion is detected.;Aktivera när rörelse detekteras och stäng av när rörelse ej är detekterad.;Slå på når bevegelse oppdages, og av når ingen bevegelse oppdages.;Tænd, når der detekteress bevægelse, og sluk, når der ikke detekteres bevægelse.
drivers-src/motion_switch/driver.settings.compose.json;[5].hint;The sensitivity of the motion detector as a percentage.;;Sensitiviteten til bevegelsesdetektoren i prosent;
drivers-src/motion_switch/driver.settings.compose.json;[5].label;Sensitivity;;Sensitiviteten;
drivers-src/multi_button_dimmer/driver.settings.compose.json;[0].children[0].label;Mode for endpoint 21;Läge för slutstation 21;Modus for endepunkt 21;Mode til slutpunkt 21
drivers-src/multi_button_dimmer/driver.settings.compose.json;[0].children[1].label;Mode for endpoint 22;Läge för slutstation 22;Modus for endepunkt 22;Mode til slutpunkt 22
drivers-src/multi_button_dimmer/driver.settings.compose.json;[0].children[2].label;Mode for endpoint 23;Läge för slutstation 23;Modus for endepunkt 23;Mode til slutpunkt 23
drivers-src/multi_button_dimmer/driver.settings.compose.json;[0].children[3].label;Mode for endpoint 24;Läge för slutstation 24;Modus for endepunkt 24;Mode til slutpunkt 24
drivers-src/multi_button_dimmer/driver.settings.compose.json;[0].label;CAUTION: Not all configurations work with the full Homey functionality. It is recommended to use 4 Dimmer actions, and to avoid using the (inverted) Light and Scene actions.;OBSERVERA: Det är inte samtliga konfigurationer som fungerar fullständigt i Homey-integrationen.;ADVARSEL: Ikke alle konfigurasjoner fungerer med full Homey-funksjonalitet. Det anbefales å bruke 4 Dimmer-handlinger og å unngå å bruke Lys- og Scene-handlinger.;FORSIGTIG: Ikke alle konfigurationer fungerer med den fulde Homey funktionalitet. Det anbefales at bruge 4 dæmpere handlinger og for at undgå at bruge de (omvendte) lys- og scenehandlinger.
drivers-src/multi_button_switch/driver.settings.compose.json;[0].children[0].label;Mode for endpoint 21;Läge för slutstation 21;Modus for endepunkt 21;Mode til slutpunkt 21
drivers-src/multi_button_switch/driver.settings.compose.json;[0].children[1].label;Mode for endpoint 22;Läge för slutstation 22;Modus for endepunkt 22;Mode til slutpunkt 22
drivers-src/multi_button_switch/driver.settings.compose.json;[0].children[2].label;Mode for endpoint 23;Läge för slutstation 23;Modus for endepunkt 23;Mode til slutpunkt 23
drivers-src/multi_button_switch/driver.settings.compose.json;[0].children[3].label;Mode for endpoint 24;Läge för slutstation 24;Modus for endepunkt 24;Mode til slutpunkt 24
drivers-src/multi_button_switch/driver.settings.compose.json;[0].label;CAUTION: Not all configurations work with the full Homey functionality. It is recommended to use 4 Dimmer actions, and to avoid using the (inverted) Light and Scene actions.;OBSERVERA: Det är inte samtliga konfigurationer som fungerar fullständigt i Homey-integrationen.;ADVARSEL: Ikke alle konfigurasjoner fungerer med full Homey-funksjonalitet. Det anbefales å bruke 4 Dimmer-handlinger og å unngå å bruke Lys- og Scene-handlinger.;FORSIGTIG: Ikke alle konfigurationer fungerer med den fulde Homey funktionalitet. Det anbefales at bruge 4 dæmpere handlinger og for at undgå at bruge de (omvendte) lys- og scenehandlinger.
drivers-src/one_gang_dimmer/driver.settings.compose.json;[0].children[0].label;Mode for endpoint 21;Läge för slutstation 21;Modus for endepunkt 21;Mode til slutpunkt 21
drivers-src/one_gang_dimmer/driver.settings.compose.json;[0].label;CAUTION: Not all configurations work with the full Homey functionality. It is recommended to use a Schneider Shutter action to reroute all actions via Homey, and a Dimmer action for full control otherwise.;OBSERVERA: Det kan finnas konfigurationer som inte fungerar fullständigt i Homey-integrationen.;ADVARSEL: Ikke alle konfigurasjoner fungerer med full Homey-funksjonalitet. Det anbefales å bruke en ELKO solskjermingsbryter-handling for å omdirigere alle handlinger via Homey, og en Dimmer-handling for full kontroll i andre tilfeller.;FORSIGTIG: Ikke alle konfigurationer fungerer med den fulde Homey funktionalitet. Det anbefales at bruge en Schneider -lukkerhandling til at omdirigere alle handlinger via Homey og en svagt handling til fuld kontrol ellers.
drivers-src/one_gang_shutter/driver.settings.compose.json;[0].children[0].label;Mode for endpoint 21;Läge för slutstation 21;Modus for endepunkt 21;Mode til slutpunkt 21
drivers-src/one_gang_shutter/driver.settings.compose.json;[0].label;CAUTION: Not all configurations work with the full Homey functionality. It is recommended to use a Dimmer to reroute all actions via Homey, and a Schneider Shutter action for full control otherwise.;OBSERVERA: Det kan finnas konfigurationer som inte fungerar fullständigt i Homey-integrationen.;ADVARSEL: Ikke alle konfigurasjoner fungerer med full Homey-funksjonalitet. Det anbefales å bruke en Dimmer for å omdirigere alle handlinger via Homey, og en ELKO bryterhandling for full kontroll i andre tilfeller.;FORSIGTIG: Ikke alle konfigurationer fungerer med den fulde Homey funktionalitet. Det anbefales at bruge en dæmper til at omdirigere alle handlinger via Homey, og en Schneider -lukkerhandling til fuld kontrol ellers.
drivers-src/one_gang_shutter/driver.settings.compose.json;[1].label;Reverse Motor;Omvänd motor;Reversmotor;Omvendt motorretning
drivers-src/one_gang_shutter/driver.settings.compose.json;[2].hint;Maintenance mode prevents the motor from being operated through commands and buttons;Underhållsläge förhindrar att motorn manövreras med kommandon och knappar;Vedlikeholdsmodus forhindrer at motoren betjenes via kommandoer og knapper;Vedligeholdelsestilstand forhindrer motoren i at betjene gennem kommandoer og knapper
drivers-src/one_gang_shutter/driver.settings.compose.json;[2].label;Maintenance Mode;Underhållsläge;Vedlikeholdsmodus;Vedligeholdelsestilstand
drivers-src/one_gang_shutter/driver.settings.compose.json;[3].hint;The illuminance threshold used by the sun protection sensor, if connected. The value represent 10000 * log10 of the illuminance threshold in Lux.;Lux-tröskeln som används av sensorn, om den är ansluten. Värdet representerar 10000 * log10 av belysningströskeln i Lux.;Belysningsgrensen som brukes av solbeskyttelsessensoren, hvis den er tilkoblet. Verdien representerer 10000 * log10 av belysningsgrensen i lux.;Lux-tærsklen anvendt af solbeskyttelsessensoren, hvis den er tilsluttet. Værdien repræsenterer 10000 * log10 af Illuminance -tærsklen i Lux.
drivers-src/one_gang_shutter/driver.settings.compose.json;[3].label;Sun Protection Threshold;Solskyddströskel;Solbeskyttelsesgrense;Solbeskyttelsesgrænse
drivers-src/one_gang_shutter/driver.settings.compose.json;[4].hint;The driving time in tenths of seconds from fully closed to open;Körtiden i tiondels sekunder från helt stängd till öppen;Tiden det tar i tideler av sekunder fra helt lukket til åpen;Køretid i tiendedele af få sekunder fra helt lukket for at åbne
drivers-src/one_gang_shutter/driver.settings.compose.json;[4].label;Time to Open;Tid för öppning;Tid til å åpne;Tid til at åbne
drivers-src/one_gang_shutter/driver.settings.compose.json;[5].hint;The driving time in tenths of seconds from fully open to closed;Körtiden i tiondels sekunder från helt öppen till stängd;Tiden det tar i tideler av sekunder fra helt åpen til lukket;Køretid i tiendedele af få sekunder fra helt åben for lukket
drivers-src/one_gang_shutter/driver.settings.compose.json;[5].label;Time to Close;Tid till stängning;Tid til å lukke;Tid til at lukke
drivers-src/one_gang_shutter/driver.settings.compose.json;[6].hint;Whether the connected window covering has tilt functionality;Om den anslutna markisen/jalusin har lutningsfunktion;Om det tilkoblede vindusdekselet har tiltfunksjonalitet;Om det tilsluttede vinduesdækning har vippefunktionalitet
drivers-src/one_gang_shutter/driver.settings.compose.json;[6].label;Has Tilt;Har tilt-funktion;Har posisjonsendring;Hældning kan styres
drivers-src/one_gang_shutter/driver.settings.compose.json;[7].hint;The driving time in hundreds of seconds from fully opened to closed tilt position;Körtiden i tiondels sekunder från helt öppen till stängd;Tiden det tar i hundredeler av sekunder å gå fra helt åpen til lukket posisjon.;Køretid på hundreder af sekunder fra fuldt åbnet til lukket hældningsposition
drivers-src/one_gang_shutter/driver.settings.compose.json;[7].label;Time to Tilt;Tid för tiltning;Tid før posisjon;Tid for hældning
drivers-src/one_gang_switch/driver.settings.compose.json;[0].children[0].label;Mode for endpoint 21;Läge för slutstation 21;Modus for endepunkt 21;Mode til slutpunkt 21
drivers-src/one_gang_switch/driver.settings.compose.json;[0].label;CAUTION: Not all configurations work with the full Homey functionality. It is recommended to use a Schneider Shutter action to reroute all actions via Homey, or a Dimmer action to still have a short press turn the output on/off;OBSERVERA: Det kan finnas konfigurationer som inte fungerar fullständigt i Homey-integrationen.;FORSIKTIG: Ikke alle konfigurasjoner fungerer med full Homey-funksjonalitet. Det anbefales å bruke en ELKO solskjermingsbryter-aksjoner for å omdirigere alle handlinger via Homey, eller en Dimmer-aksjoner for å fortsatt ha et kort trykk for å slå av/på .;FORSIGTIG: Ikke alle konfigurationer fungerer med den fulde Homey funktionalitet. Det anbefales at bruge en Schneider -lukkerhandling til at omdirigere alle handlinger via Homey eller en dæmpere handling for stadig at få en kort presse til at slå output til/fra
drivers-src/shutter/driver.settings.compose.json;[0].label;Reverse Motor;Omvänd motor;Revers motor;Omvendt motorretning
drivers-src/shutter/driver.settings.compose.json;[1].hint;Maintenance mode prevents the motor from being operated through commands and buttons;Underhållsläge förhindrar att motorn manövreras med kommandon och knappar;Vedlikeholdsmodus forhindrer at motoren betjenes via kommandoer og knapper;Vedligeholdelsestilstand forhindrer motoren i at betjene gennem kommandoer og knapper
drivers-src/shutter/driver.settings.compose.json;[1].label;Maintenance Mode;Underhållsläge;Vedlikeholdsmodus;Vedligeholdelsestilstand
drivers-src/shutter/driver.settings.compose.json;[2].hint;The illuminance threshold used by the sun protection sensor, if connected. The value represent 10000 * log10 of the illuminance threshold in Lux.;Lux-tröskeln som används av sensorn, om den är ansluten. Värdet representerar 10000 * log10 av belysningströskeln i Lux.;Den belysningsgrensen som brukes av solbeskyttelsessensoren, hvis den er tilkoblet. Verdien representerer 10000 * log10 av belysningsgrensen i lux.;Lux-tærsklen anvendt af solbeskyttelsessensoren, hvis den er tilsluttet. Værdien repræsenterer 10000 * log10 af Illuminance -tærsklen i Lux.
drivers-src/shutter/driver.settings.compose.json;[2].label;Sun Protection Threshold;Solskyddströskel;Solbeskyttelsesgrense;Solbeskyttelsesgrænse
drivers-src/shutter/driver.settings.compose.json;[3].hint;The driving time in tenths of seconds from fully closed to open;Körtiden i tiondels sekunder från helt stängd till öppen;Tiden det tar i tideler av sekunder å gå fra helt lukket til åpen.;Køretid i tiendedele af få sekunder fra helt lukket for at åbne
drivers-src/shutter/driver.settings.compose.json;[3].label;Time to Open;Tid för öppning;Tid før åpning;Tid til at åbne
drivers-src/shutter/driver.settings.compose.json;[4].hint;The driving time in tenths of seconds from fully open to closed;Körtiden i tiondels sekunder från helt öppen till stängd;Tiden det tar i tideler av sekunder å gå fra helt åpen til lukket.;Køretid i tiendedele af få sekunder fra helt åben for lukket
drivers-src/shutter/driver.settings.compose.json;[4].label;Time to Close;Tid för stängning;Tid før lukking;Tid til at lukke
drivers-src/shutter/driver.settings.compose.json;[5].hint;Whether the connected window covering has tilt functionality;Om den anslutna markisen/jalusin har lutningsfunktion;Om det tilkoblede vindusdekselet har tiltfunksjonalitet;Om det tilsluttede solafskærmning har hældningsfunktionalitet
drivers-src/shutter/driver.settings.compose.json;[5].label;Has Tilt;Har tilt-funktion;Har posisjonsendring;Har hældningsfunktion
drivers-src/shutter/driver.settings.compose.json;[6].hint;The driving time in hundreds of seconds from fully opened to closed tilt position;Körtiden i tiondels sekunder från helt öppen till stängd;Tiden det tar i hundrevis av sekunder fra fullstendig åpnet til lukket posisjon;Køretid på hundreder af sekunder fra fuldt åbnet til lukket hældningsposition
drivers-src/shutter/driver.settings.compose.json;[6].label;Time to Tilt;Tid för tiltning;Tid til posisjonsendring;Tid for hældning
drivers-src/smoke_alarm/driver.settings.compose.json;[0].label;LED Brightness;LED-ljusstyrka;LED-lysstyrke;LED lysstyrke
drivers-src/smoke_alarm/driver.settings.compose.json;[0].values[0].label;Low;Låg;Lav;Lav
drivers-src/smoke_alarm/driver.settings.compose.json;[0].values[1].label;High;Hög;Høy;Høj
drivers-src/smoke_alarm/driver.settings.compose.json;[1].label;Sound Level;Ljudvolym;Lydintensitet;Lydniveau
drivers-src/smoke_alarm/driver.settings.compose.json;[1].values[0].label;Low;Låg;Lav;Lav
drivers-src/smoke_alarm/driver.settings.compose.json;[1].values[1].label;High;Hög;Høy;Høj
drivers-src/smoke_alarm/driver.settings.compose.json;[2].label;Sound Mode;Ljudläge;Lydmodus;Lydtilstand
drivers-src/smoke_alarm/driver.settings.compose.json;[2].values[0].label;Low;Låg;Lav;Lav
drivers-src/smoke_alarm/driver.settings.compose.json;[2].values[1].label;Mid;Mellan;Midt;Mellem
drivers-src/smoke_alarm/driver.settings.compose.json;[2].values[2].label;High;Hög;Høy;Høj
drivers-src/smoke_alarm/driver.settings.compose.json;[3].hint;How many minutes the device will stay hushed in hush mode;Hur många minuter tyst-läge ska gälla vid aktivering;Hvor mange minutter enheten vil forbli stille i stilhetsmodus;Hvor mange minutter enheden forbliver tvungen stille-tilstand
drivers-src/smoke_alarm/driver.settings.compose.json;[3].label;Hush Duration;Löptid för tyst-läge;"""Stille"" varighet";Stilletilstand varighed
drivers-src/smoke_alarm/driver.settings.compose.json;[4].label;Test Mode;Test-läge;Testmodus;Test mode
drivers-src/smoke_alarm/driver.settings.compose.json;[5].label;No Disturb Mode;Stör ej-läge;Forstyrrelsesfri modus;Forstyr ikke tilstand
drivers-src/super_tr_thermostat/driver.settings.compose.json;[0].hint;Whether the device attempts to maintain a temperature setpoint or follows a duty cycle.;Om enheten försöker bibehålla ett temperaturbörvärde eller följer en arbetscykel.;Om enheten forsøker å opprettholde et temperaturmål eller følger en syklus med oppgaver.;Om enheden forsøger at opretholde et temperatursæt eller følger en driftscyklus.
drivers-src/super_tr_thermostat/driver.settings.compose.json;[0].label;Regulation function;Reguleringsfunktion;Reguleringsfunksjon;Reguleringsfunktion
drivers-src/super_tr_thermostat/driver.settings.compose.json;[0].values[0].label;Thermostat;Termostat;Termostat;Termostat
drivers-src/super_tr_thermostat/driver.settings.compose.json;[0].values[1].label;Regulator;;;
drivers-src/super_tr_thermostat/driver.settings.compose.json;[1].hint;The period of the regulator cycle in minutes. Choose a long time for (slow) concrete floors and a short time for (quick) hardwood floors.;Perioden för regulatorcykeln i minuter. Välj lång tid för (långsamma) betonggolv och kort tid för (snabba) trägolv.;Perioden for regulatorcyklusen i minutter. Velg lang tid for (treg) betonggulv og kort tid for (rask) parkettgulv.;Regulatorcyklussperioden på få minutter. Vælg lang tid til (langsomme) betongulve og kort tid til (hurtig) trægulve.
drivers-src/super_tr_thermostat/driver.settings.compose.json;[1].label;Regulator period;Regulator körtid;Reguleringsperiode;Regulatorperiode
drivers-src/super_tr_thermostat/driver.settings.compose.json;[2].hint;Power load in Watt while heating.;Effektbelastning i watt vid uppvärmning.;Effektbelastning i watt under oppvarming.;Strømbelastning i watt under opvarmning.
drivers-src/super_tr_thermostat/driver.settings.compose.json;[2].label;Power load;Effektbelastning;Effektbelastning;Strømbelastning
drivers-src/super_tr_thermostat/driver.settings.compose.json;[3].hint;Which sensor is used in thermostat mode.;Vilken sensor används till termostaten?;Hvilken sensor som brukes i termostatmodus.;Hvilken sensor bruges i termostattilstand.
drivers-src/super_tr_thermostat/driver.settings.compose.json;[3].label;Sensor mode;Sensortyp;Sensormodus;Sensortilstand
drivers-src/super_tr_thermostat/driver.settings.compose.json;[3].values[0].label;Air sensor;Luftsensor;Luftsensor;Luftsensor
drivers-src/super_tr_thermostat/driver.settings.compose.json;[3].values[1].label;Floor sensor;Golvsensor;Gulvsensor;Gulvsensor
drivers-src/super_tr_thermostat/driver.settings.compose.json;[3].values[2].label;Safe mode;Säkert läge;Sikker modus;Sikker tilstand
drivers-src/super_tr_thermostat/driver.settings.compose.json;[4].hint;The maximum temperature the floor is allowed to reach in the safe sensor mode.;Den maximala temperaturen som får uppnås i golvet vid aktivering av säkert läge.;Maksimal temperatur gulvet kan nå i sikker sensormodus.;Den maksimale temperatur, gulvet får lov til at nå i sikker sensortilstand.
drivers-src/super_tr_thermostat/driver.settings.compose.json;[4].label;Maximum floor temperature;Maximal golvtemperatur;Maksimal gulvtemperatur;Maksimal gulvtemperatur
drivers-src/super_tr_thermostat/driver.settings.compose.json;[5].hint;The offset that should be applied to the measured temperatures in tenths of a degree Celsius.;Offset som ska tillämpas på de uppmätta temperaturerna i tiondels grad Celsius.;Endringen som skal brukes på de målte temperaturene i tidelsgrader Celsius.;Den forskydning, der skal påføres de målte temperaturer i tiendedele af en grad Celsius.
drivers-src/super_tr_thermostat/driver.settings.compose.json;[5].label;Temperature calibration;Temperaturkalibrering;Temperatur kalibrering;Temperaturkalibrering
drivers-src/switch/driver.settings.compose.json;[0].label;Automatically turn off;Automatisk avstängning;Slå av automatisk;Sluk automatisk
drivers-src/switch/driver.settings.compose.json;[1].hint;After how many seconds the switch turns of. Pressing the on button before this happens resets the timeout.;Efter hur många sekunder som brytaren stängs av.;Hvor mange sekunder det tar før bryteren slår seg av. Å trykke på På-knappen før dette skjer, tilbakestiller tidsavbruddet.;Efter hvor mange sekunder relæet slår fra. Ved tryk på knappen ON, før dette sker nulstilles Timeout.
drivers-src/switch/driver.settings.compose.json;[1].label;Automatic off timeout;Automatisk avstängning;Automatisk av tidsavbrudd;Automatisk off timeout
drivers-src/switch/driver.settings.compose.json;[2].hint;Whether turning the switch off should also reset the automatic off timeout, instead of switching off;Om avstängning av strömbrytaren bör också återställa tidsgränsen för automatisk avstängning, istället för att stängas av;Om å slå av bryteren også skal tilbakestille den automatiske avslåingstiden i stedet for å slå den av.;Skal sluk også nulstille den automatiske off -timeout eller kun sluk
drivers-src/switch/driver.settings.compose.json;[2].label;Off resets automatic off timeout;Av - återställer automatisk avstängningstid;Å slå av tilbakestiller automatisk avslåingstid.;Sluk nulstiller automatisk off -timeout
drivers-src/switch/driver.settings.compose.json;[3].hint;After switching on immediately switch off after 200ms, ignoring the automatic off timeout settings;Efter att ha slagits på omedelbart, stäng av efter 200ms, ignorera inställningarna för automatisk avstängning;Etter å ha slått på, slå umiddelbart av etter 200 ms, uten å ta hensyn til innstillingene for automatisk avslåingstid.;Efter at have tændt for øjeblikkeligt at tænde efter 200ms, ignoreres de automatiske off -timeout -indstillinger
drivers-src/switch/driver.settings.compose.json;[3].label;Impulse mode;Impulsläge;Impuls modus;Pulstilstand
drivers-src/thermostat/driver.settings.compose.json;[0].hint;Power load in Watt while heating.;Effektbelastning i watt vid uppvärmning.;Effektbelastning i watt under oppvarming.;Strømbelastning i watt under opvarmning.
drivers-src/thermostat/driver.settings.compose.json;[0].label;Power load;Effektbelastning;Effektbelastning;Strømbelastning
drivers-src/thermostat/driver.settings.compose.json;[1].hint;Which sensor is used in thermostat mode.;Vilken sensor används till termostaten?;Hvilken sensor som brukes i termostatmodus.;Hvilken sensor bruges i termostattilstand.
drivers-src/thermostat/driver.settings.compose.json;[1].label;Sensor mode;Sensortyp;Sensormodus;Sensortilstand
drivers-src/thermostat/driver.settings.compose.json;[1].values[0].label;Air sensor;Luftsensor;Luftsensor;Luftsensor
drivers-src/thermostat/driver.settings.compose.json;[1].values[1].label;Floor sensor;Golvsensor;Gulvsensor;Gulvsensor
drivers-src/thermostat/driver.settings.compose.json;[2].hint;The offset that should be applied to the measured air temperatures in hundredths of a degree Celsius.;;Kalibreringen som skal brukes på de målte lufttemperaturene i hundredeler av en grad Celsius;
drivers-src/thermostat/driver.settings.compose.json;[2].label;Air sensor calibration;Luftsensorkalibrering;Luftsensor kalibrering;Luftsensorkalibrering
drivers-src/thermostat/driver.settings.compose.json;[3].hint;The offset that should be applied to the measured floor temperatures in hundredths of a degree Celsius.;;Kalibreringen som skal brukes på de målte lufttemperaturene i hundredeler av en grad Celsius;
drivers-src/thermostat/driver.settings.compose.json;[3].label;Floor sensor calibration;Golvsensor kalibrering;Gulvsensor kalibrering;Gulvsensorkalibrering
drivers-src/thermostat/driver.settings.compose.json;[4].hint;The installed floor sensor.;;Installert gulvsensor;
drivers-src/thermostat/driver.settings.compose.json;[4].label;Floor sensor type;;Gulvsensor type;
drivers-src/thermostat/driver.settings.compose.json;[4].values[0].label;None;Ingen;Ingen;Ingen
drivers-src/thermostat/driver.settings.compose.json;[4].values[1].label;2kΩ;;;
drivers-src/thermostat/driver.settings.compose.json;[4].values[2].label;10kΩ;;;
drivers-src/thermostat/driver.settings.compose.json;[4].values[3].label;12kΩ;;;
drivers-src/thermostat/driver.settings.compose.json;[4].values[4].label;15kΩ;;;
drivers-src/thermostat/driver.settings.compose.json;[4].values[5].label;33kΩ;;;
drivers-src/thermostat/driver.settings.compose.json;[4].values[6].label;47kΩ;;;
drivers-src/two_gang_dimmer/driver.settings.compose.json;[0].children[0].label;Mode for endpoint 21;Läge för slutstation 21;Modus for endepunkt 21;Mode til slutpunkt 21
drivers-src/two_gang_dimmer/driver.settings.compose.json;[0].children[1].label;Mode for endpoint 22;Läge för slutstation 22;Modus for endepunkt 22;Mode til slutpunkt 22
drivers-src/two_gang_dimmer/driver.settings.compose.json;[0].label;CAUTION: Not all configurations work with the full Homey functionality. It is recommended to use Schneider Shutter actions to reroute all actions via Homey, and Dimmer actions for full control otherwise.;OBSERVERA: Det kan finnas konfigurationer som inte fungerar fullständigt i Homey-integrationen.;Obs! Ikke alle konfigurasjoner fungerer med full Homey-funksjonalitet. Det anbefales å bruke ELKO Smart solskjermingsbryter-aksjoner for å omdirigere alle handlinger via Homey, og Dimmer-aksjoner for full kontroll i andre tilfeller.;FORSIGTIG: Ikke alle konfigurationer fungerer med den fulde Homey funktionalitet. Det anbefales at bruge Schneider -solafskærmningshandlinger til at omdirigere alle handlinger via Homey og dæmpere handlinger til fuld kontrol ellers.
drivers-src/two_gang_switch/driver.settings.compose.json;[0].children[0].label;Mode for endpoint 21;Läge för slutstation 21;Modus for endepunkt 21;Mode til slutpunkt 21
drivers-src/two_gang_switch/driver.settings.compose.json;[0].children[1].label;Mode for endpoint 22;Läge för slutstation 22;Modus for endepukt 22;Mode til slutpunkt 22
drivers-src/two_gang_switch/driver.settings.compose.json;[0].label;CAUTION: Not all configurations work with the full Homey functionality. It is recommended to use Schneider Shutter actions to reroute all actions via Homey, or Dimmer actions to still have a short press turn the outputs on/off;OBSERVERA: Det kan finnas konfigurationer som inte fungerar fullständigt i Homey-integrationen.;FARE: Ikke alle konfigurasjoner fungerer med full Homey-funksjonalitet. Det anbefales å bruke ELKO Solskjermingsbryter-aksjoner for å omdirigere alle handlinger via Homey, eller Dimmer-aksjoner for å fortsatt kunne slå utgangene av/på med en kort trykk.;FORSIGTIG: Ikke alle konfigurationer fungerer med den fulde Homey funktionalitet. Det anbefales at bruge Schneider -lukkerhandlinger til at omdirigere alle handlinger via Homey eller dæmpere handlinger for stadig at få en kort presse til at slå output til/fra
drivers-src/wireless_switch/driver.settings.compose.json;[0].children[0].label;Mode for endpoint 21;Läge för slutstation 21;Modus for endepunkt 21;Mode til slutpunkt 21
drivers-src/wireless_switch/driver.settings.compose.json;[0].children[1].label;Mode for endpoint 22;Läge för slutstation 22;Modus for endepunkt 22;Mode til slutpunkt 22
drivers-src/wireless_switch/driver.settings.compose.json;[0].children[2].label;Mode for endpoint 23;Läge för slutstation 23;Modus for endepunkt 23;Mode til slutpunkt 23
drivers-src/wireless_switch/driver.settings.compose.json;[0].children[3].label;Mode for endpoint 24;Läge för slutstation 24;Modus for endepunkt 24;Mode til slutpunkt 24
drivers-src/wireless_switch/driver.settings.compose.json;[0].label;CAUTION: Not all configurations work with the full Homey functionality. It is recommended to use 4 Dimmer actions, and to avoid using the (inverted) Light and Scene actions. Please wake up the device by pressing its buttons after changing these settings.;OBSERVERA: Det kan finnas konfigurationer som inte fungerar fullständigt i Homey-integrationen.;Obs! Ikke alle konfigurasjoner fungerer med full Homey-funksjonalitet. Det anbefales å bruke 4 Dimmer-aksjoner og unngå å bruke Lys- og Scene-aksjoner. Vennligst vekk enheten ved å trykke på knappene etter å ha endret disse innstillingene.;FORSIGTIG: Ikke alle konfigurationer fungerer med den fulde Homey funktionalitet. Det anbefales at bruge 4 dæmpere handlinger og for at undgå at bruge de (omvendte) lys- og scenehandlinger. Vågn op enheden ved at trykke på knapperne efter at have ændret disse indstillinger.
